{"cameraMode":{"drawMode":0,"name":"Shaded","section":"Shading Mode"},"sceneLighting":false,"audioPlay":false,"sceneViewState":{"showFog":true,"showMaterialUpdate":false,"showSkybox":true,"showFlares":true,"showImageEffects":true,"showParticleSystems":true},"in2DMode":false,"pivot":{"x":-11.208897590637207,"y":19.03306770324707,"z":17.692901611328126},"rotation":{"x":-0.20580485463142396,"y":0.014919891022145749,"z":-0.0031200924422591926,"w":-0.9784743785858154},"size":38.17688751220703,"orthographic":false}