{"cameraMode":{"drawMode":0,"name":"Shaded","section":"Shading Mode"},"sceneLighting":false,"audioPlay":false,"sceneViewState":{"showFog":true,"showMaterialUpdate":false,"showSkybox":true,"showFlares":true,"showImageEffects":true,"showParticleSystems":true},"in2DMode":false,"pivot":{"x":6.947877407073975,"y":28.779743194580079,"z":-3.9130523204803469},"rotation":{"x":-0.49820247292518618,"y":-0.13140857219696046,"z":0.0767168179154396,"w":-0.8536044955253601},"size":-21.965137481689454,"orthographic":false}