{"cameraMode":{"drawMode":0,"name":"Shaded","section":"Shading Mode"},"sceneLighting":false,"audioPlay":false,"sceneViewState":{"showFog":true,"showMaterialUpdate":false,"showSkybox":true,"showFlares":true,"showImageEffects":true,"showParticleSystems":true},"in2DMode":false,"pivot":{"x":0.2983677387237549,"y":1.011319637298584,"z":-4.068424224853516},"rotation":{"x":0.41283270716667178,"y":-0.2514759302139282,"z":0.1196979358792305,"w":0.8671802282333374},"size":5.996910572052002,"orthographic":false}