{"cameraMode":{"drawMode":0,"name":"Shaded","section":"Shading Mode"},"sceneLighting":true,"audioPlay":false,"sceneViewState":{"showFog":true,"showMaterialUpdate":false,"showSkybox":true,"showFlares":true,"showImageEffects":true,"showParticleSystems":true},"in2DMode":false,"pivot":{"x":-2.42289662361145,"y":2.036085367202759,"z":-4.736599922180176},"rotation":{"x":0.5473870635032654,"y":0.01234174519777298,"z":-0.008092152886092663,"w":0.8367494940757752},"size":3.1499998569488527,"orthographic":false}