{"cameraMode":{"drawMode":0,"name":"Shaded","section":"Shading Mode"},"sceneLighting":true,"audioPlay":false,"sceneViewState":{"showFog":true,"showMaterialUpdate":false,"showSkybox":true,"showFlares":true,"showImageEffects":true,"showParticleSystems":true},"in2DMode":false,"pivot":{"x":-8.542004585266114,"y":0.43115219473838808,"z":2.8504269123077394},"rotation":{"x":-0.3098596930503845,"y":-0.16046063601970673,"z":0.053155917674303058,"w":-0.9356355667114258},"size":18.180418014526368,"orthographic":false}