{"cameraMode":{"drawMode":0,"name":"Shaded","section":"Shading Mode"},"sceneLighting":false,"audioPlay":false,"sceneViewState":{"showFog":true,"showMaterialUpdate":false,"showSkybox":true,"showFlares":true,"showImageEffects":true,"showParticleSystems":true},"in2DMode":false,"pivot":{"x":-3.716418743133545,"y":1.0000076293945313,"z":-2.9019181728363039},"rotation":{"x":0.19400495290756226,"y":0.2069527506828308,"z":-0.041926175355911258,"w":0.9580057263374329},"size":1.9042413234710694,"orthographic":false}