{"cameraMode":{"drawMode":0,"name":"Shaded","section":"Shading Mode"},"sceneLighting":true,"audioPlay":false,"sceneViewState":{"showFog":true,"showMaterialUpdate":false,"showSkybox":true,"showFlares":true,"showImageEffects":true,"showParticleSystems":true},"in2DMode":false,"pivot":{"x":-0.0887737050652504,"y":-0.000006024147296557203,"z":-0.33393436670303347},"rotation":{"x":0.16803868114948274,"y":0.7620304822921753,"z":-0.218560591340065,"w":0.5859213471412659},"size":30.396446228027345,"orthographic":false}